<?xml version="1.0" encoding="UTF-8"?><module codename="dk.sdu.mmmi.cbse.GameEngine">
    <module_version install_time="1490795995349" last="true" origin="installer" specification_version="1.0.0">
        <file crc="299485465" name="config/Modules/dk-sdu-mmmi-cbse-GameEngine.xml"/>
        <file crc="2391175025" name="modules/dk-sdu-mmmi-cbse-GameEngine.jar"/>
        <file crc="288087022" name="modules/ext/dk.sdu.mmmi.cbse.GameEngine/com-badlogicgames-gdx/gdx-backend-lwjgl.jar"/>
        <file crc="3911982898" name="modules/ext/dk.sdu.mmmi.cbse.GameEngine/com-badlogicgames-gdx/gdx-box2d-platform-natives-desktop.jar"/>
        <file crc="1676888048" name="modules/ext/dk.sdu.mmmi.cbse.GameEngine/com-badlogicgames-gdx/gdx-box2d.jar"/>
        <file crc="3001541054" name="modules/ext/dk.sdu.mmmi.cbse.GameEngine/com-badlogicgames-gdx/gdx-freetype-platform-natives-desktop.jar"/>
        <file crc="3779185293" name="modules/ext/dk.sdu.mmmi.cbse.GameEngine/com-badlogicgames-gdx/gdx-freetype.jar"/>
        <file crc="2849380058" name="modules/ext/dk.sdu.mmmi.cbse.GameEngine/com-badlogicgames-gdx/gdx-platform-natives-desktop.jar"/>
        <file crc="1390441787" name="modules/ext/dk.sdu.mmmi.cbse.GameEngine/com-badlogicgames-gdx/gdx.jar"/>
        <file crc="1146210713" name="modules/ext/dk.sdu.mmmi.cbse.GameEngine/com-badlogicgames-jlayer/jlayer.jar"/>
        <file crc="426864957" name="modules/ext/dk.sdu.mmmi.cbse.GameEngine/net-java-jinput/jinput.jar"/>
        <file crc="1529865491" name="modules/ext/dk.sdu.mmmi.cbse.GameEngine/net-java-jutils/jutils.jar"/>
        <file crc="2846045197" name="modules/ext/dk.sdu.mmmi.cbse.GameEngine/org-jcraft/jorbis.jar"/>
        <file crc="3651848685" name="modules/ext/dk.sdu.mmmi.cbse.GameEngine/org-lwjgl-lwjgl/lwjgl-platform-natives-linux.jar"/>
        <file crc="892697031" name="modules/ext/dk.sdu.mmmi.cbse.GameEngine/org-lwjgl-lwjgl/lwjgl-platform-natives-osx.jar"/>
        <file crc="2303095678" name="modules/ext/dk.sdu.mmmi.cbse.GameEngine/org-lwjgl-lwjgl/lwjgl-platform-natives-windows.jar"/>
        <file crc="2615574348" name="modules/ext/dk.sdu.mmmi.cbse.GameEngine/org-lwjgl-lwjgl/lwjgl.jar"/>
        <file crc="2012419266" name="modules/ext/dk.sdu.mmmi.cbse.GameEngine/org-lwjgl-lwjgl/lwjgl_util.jar"/>
    </module_version>
</module>
